"drawingPdfPage","applicationPdfPage","callout","name","accounting","selections","limits"
"289","290","1","Instrument-panel pad","Native selection or parent assembly","in-dash-pad | in-dash-carrier","Relationships/application only. Exact tooling, production quantity and hidden internal completeness are not certified."
"289","290","2","Front speaker grille","Native selection or parent assembly","in-dash-left-grille | in-dash-right-grille","Relationships/application only. Exact tooling, production quantity and hidden internal completeness are not certified."
"289","290","3","Front speaker","Native selection or parent assembly","in-dash-left-speaker-basket | in-dash-left-speaker-cone | in-dash-left-speaker-magnet | in-dash-left-speaker-plug | in-dash-right-speaker-basket | in-dash-right-speaker-cone | in-dash-right-speaker-magnet | in-dash-right-speaker-plug","Relationships/application only. Exact tooling, production quantity and hidden internal completeness are not certified."
"289","290","4","Nylon U-nut","Native selection or parent assembly","in-dash-mount-unuts","Relationships/application only. Exact tooling, production quantity and hidden internal completeness are not certified."
"289","290","5","Right end trim plate","Native selection or parent assembly","in-dash-right-end","Relationships/application only. Exact tooling, production quantity and hidden internal completeness are not certified."
"289","290","6","Stamped nut","Open — not separately resolved","","Relationships/application only. Exact tooling, production quantity and hidden internal completeness are not certified."
"289","290","7","Map pocket","Native selection or parent assembly","in-dash-pocket","Relationships/application only. Exact tooling, production quantity and hidden internal completeness are not certified."
"289","290","8","Map-pocket holder","Native selection or parent assembly","in-dash-pocket-lip","Relationships/application only. Exact tooling, production quantity and hidden internal completeness are not certified."
"289","290","9","Front floor-console pad","Existing/shared or excluded application","in-console-front (same console shown on PDF293)","Relationships/application only. Exact tooling, production quantity and hidden internal completeness are not certified."
"289","290","10","Radio/HVAC plate","Existing/shared or excluded application","in-console-face (same plate shown on PDF293)","Relationships/application only. Exact tooling, production quantity and hidden internal completeness are not certified."
"289","290","11","Radio receiver","Native selection or parent assembly","in-radio-case | in-radio-face | in-radio-bracket | in-radio-plugs | in-radio-knob-0 | in-radio-knob-1 | in-radio-screw-0 | in-radio-screw-1 | in-radio-screw-2 | in-radio-screw-3","Relationships/application only. Exact tooling, production quantity and hidden internal completeness are not certified."
"289","290","12","Radio-opening cover","Open — not separately resolved","","Relationships/application only. Exact tooling, production quantity and hidden internal completeness are not certified."
"289","290","13","A/C control","Existing/shared or excluded application","Existing HVAC C60 controls","Relationships/application only. Exact tooling, production quantity and hidden internal completeness are not certified."
"289","290","14","Heater control","Existing/shared or excluded application","Existing HVAC C41 controls","Relationships/application only. Exact tooling, production quantity and hidden internal completeness are not certified."
"289","290","15","Right accessory plate","Native selection or parent assembly","in-dash-accessory-panel","Relationships/application only. Exact tooling, production quantity and hidden internal completeness are not certified."
"289","290","16","Instrument face trim","Existing/shared or excluded application","Existing wiring-cluster bezel","Relationships/application only. Exact tooling, production quantity and hidden internal completeness are not certified."
"289","290","17","Column-opening filler","Native selection or parent assembly","in-dash-lower-trim | in-dash-column-filler","Relationships/application only. Exact tooling, production quantity and hidden internal completeness are not certified."
"289","290","18","Rear-defogger switch","Native selection or parent assembly","in-dash-defrost-switch","Relationships/application only. Exact tooling, production quantity and hidden internal completeness are not certified."
"289","290","19","Wiper pulse module","Open — not separately resolved","","Relationships/application only. Exact tooling, production quantity and hidden internal completeness are not certified."
"289","290","20","Pulse-module clip","Open — not separately resolved","","Relationships/application only. Exact tooling, production quantity and hidden internal completeness are not certified."
"289","290","21","Instrument cluster","Existing/shared or excluded application","Existing wiring-cluster instruments","Relationships/application only. Exact tooling, production quantity and hidden internal completeness are not certified."
"289","290","22","Panel lamp dimmer","Existing/shared or excluded application","Existing headlight-controls dimmer","Relationships/application only. Exact tooling, production quantity and hidden internal completeness are not certified."
"289","290","23","Left accessory plate","Existing/shared or excluded application","Existing headlight-controls bezel","Relationships/application only. Exact tooling, production quantity and hidden internal completeness are not certified."
"289","290","24","Headlight switch","Existing/shared or excluded application","Existing headlight-controls rocker","Relationships/application only. Exact tooling, production quantity and hidden internal completeness are not certified."
"289","290","25","Cluster housing/pad","Existing/shared or excluded application","Existing wiring-cluster shell","Relationships/application only. Exact tooling, production quantity and hidden internal completeness are not certified."
"289","290","26","Cluster rear cover","Existing/shared or excluded application","Existing wiring-cluster cover","Relationships/application only. Exact tooling, production quantity and hidden internal completeness are not certified."
"289","290","27","Left end trim plate","Native selection or parent assembly","in-dash-left-end","Relationships/application only. Exact tooling, production quantity and hidden internal completeness are not certified."
"289","290","28","Fuse/accessory wiring","Open — not separately resolved","","Relationships/application only. Exact tooling, production quantity and hidden internal completeness are not certified."
"289","290","29","Radio bolt/U-nut/stud","Open — not separately resolved","","Relationships/application only. Exact tooling, production quantity and hidden internal completeness are not certified."
"289","290","30","Radio push-on retainer","Open — not separately resolved","","Relationships/application only. Exact tooling, production quantity and hidden internal completeness are not certified."
"289","290","31","Fuse-block bracket","Existing/shared or excluded application","Existing wiring-fuses bracket","Relationships/application only. Exact tooling, production quantity and hidden internal completeness are not certified."
"289","290","32","Side-window defogger outlet grille","Open — not separately resolved","","Relationships/application only. Exact tooling, production quantity and hidden internal completeness are not certified."
"293","294","1","Front console pad","Native selection or parent assembly","in-console-front","Relationships/application only. Exact tooling, production quantity and hidden internal completeness are not certified."
"293","294","2","Console tapping screw","Native selection or parent assembly","in-console-screw-0 | in-console-screw-1 | in-console-screw-2 | in-console-screw-3 | in-console-screw-4 | in-console-screw-5 | in-console-screw-6 | in-console-screw-7 | in-console-screw-8 | in-console-screw-9","Relationships/application only. Exact tooling, production quantity and hidden internal completeness are not certified."
"293","294","3","Ashtray/door/spring","Native selection or parent assembly","in-console-left-ashtray | in-console-left-ashtray-door | in-console-left-ashtray-spring | in-console-right-ashtray | in-console-right-ashtray-door | in-console-right-ashtray-spring","Relationships/application only. Exact tooling, production quantity and hidden internal completeness are not certified."
"293","294","4","Radio push-on retainer","Open — not separately resolved","","Relationships/application only. Exact tooling, production quantity and hidden internal completeness are not certified."
"293","294","5","Radio bolt/U-nut/stud","Open — not separately resolved","","Relationships/application only. Exact tooling, production quantity and hidden internal completeness are not certified."
"293","294","6","Radio receiver","Existing/shared or excluded application","in-radio-case / in-radio-face","Relationships/application only. Exact tooling, production quantity and hidden internal completeness are not certified."
"293","294","7","Radio bracket","Existing/shared or excluded application","in-radio-bracket","Relationships/application only. Exact tooling, production quantity and hidden internal completeness are not certified."
"293","294","8","Console/instrument-panel reinforcement","Open — not separately resolved","","Relationships/application only. Exact tooling, production quantity and hidden internal completeness are not certified."
"293","294","9","Shift plate and boot","Native selection or parent assembly","in-console-shift-surround | in-console-shift-plate | in-console-boot | in-console-boot-ring | in-console-lever | in-console-knob | in-console-knob-clip","Relationships/application only. Exact tooling, production quantity and hidden internal completeness are not certified."
"293","294","10","Trim-plate clip","Native selection or parent assembly","in-console-shift-clips","Relationships/application only. Exact tooling, production quantity and hidden internal completeness are not certified."
"293","294","11","Trim-to-carrier seal","Native selection or parent assembly","in-console-shift-seal","Relationships/application only. Exact tooling, production quantity and hidden internal completeness are not certified."
"293","294","12","Accessory-switch plate","Native selection or parent assembly","in-console-blank-left | in-console-blank-right","Relationships/application only. Exact tooling, production quantity and hidden internal completeness are not certified."
"293","294","13","Power-mirror switch","Native selection or parent assembly","in-console-mirror-switch","Relationships/application only. Exact tooling, production quantity and hidden internal completeness are not certified."
"293","294","14","Switch escutcheon","Open — not separately resolved","","Relationships/application only. Exact tooling, production quantity and hidden internal completeness are not certified."
"293","294","15","Switch screw","Open — not separately resolved","","Relationships/application only. Exact tooling, production quantity and hidden internal completeness are not certified."
"293","294","16","Console support screw","Open — not separately resolved","","Relationships/application only. Exact tooling, production quantity and hidden internal completeness are not certified."
"293","294","17","Console support/skeleton","Native selection or parent assembly","in-console-skeleton","Relationships/application only. Exact tooling, production quantity and hidden internal completeness are not certified."
"293","294","18","Right ECM vent grille","Native selection or parent assembly","in-console-right-vent","Relationships/application only. Exact tooling, production quantity and hidden internal completeness are not certified."
"293","294","19","Rear console pad","Native selection or parent assembly","in-console-rear-pad","Relationships/application only. Exact tooling, production quantity and hidden internal completeness are not certified."
"293","294","20","ECM nut","Existing/shared or excluded application","Existing wiring-ecm mounting hardware","Relationships/application only. Exact tooling, production quantity and hidden internal completeness are not certified."
"293","294","21","ECM/controller","Existing/shared or excluded application","Existing wiring-ecm","Relationships/application only. Exact tooling, production quantity and hidden internal completeness are not certified."
"293","294","22","ECM bracket","Existing/shared or excluded application","Existing wiring-ecm mount","Relationships/application only. Exact tooling, production quantity and hidden internal completeness are not certified."
"293","294","23","Left ECM vent grille","Native selection or parent assembly","in-console-left-vent","Relationships/application only. Exact tooling, production quantity and hidden internal completeness are not certified."
"293","294","24","Storage-door strap","Native selection or parent assembly","in-console-storage-strap","Relationships/application only. Exact tooling, production quantity and hidden internal completeness are not certified."
"293","294","25","Storage compartment","Native selection or parent assembly","in-console-storage","Relationships/application only. Exact tooling, production quantity and hidden internal completeness are not certified."
"293","294","26","Latch spring","Native selection or parent assembly","in-console-storage-spring","Relationships/application only. Exact tooling, production quantity and hidden internal completeness are not certified."
"293","294","27","Striker","Native selection or parent assembly","in-console-storage-striker","Relationships/application only. Exact tooling, production quantity and hidden internal completeness are not certified."
"293","294","28","Latch","Native selection or parent assembly","in-console-storage-latch","Relationships/application only. Exact tooling, production quantity and hidden internal completeness are not certified."
"293","294","29","Storage door","Native selection or parent assembly","in-console-storage-door","Relationships/application only. Exact tooling, production quantity and hidden internal completeness are not certified."
"293","294","30","Storage hinge","Native selection or parent assembly","in-console-storage-hinge","Relationships/application only. Exact tooling, production quantity and hidden internal completeness are not certified."
"293","294","31","Trim-to-carrier bolt","Open — not separately resolved","","Relationships/application only. Exact tooling, production quantity and hidden internal completeness are not certified."
"293","294","32","Radio/HVAC plate","Native selection or parent assembly","in-console-face","Relationships/application only. Exact tooling, production quantity and hidden internal completeness are not certified."
"293","294","33","Lighter trim plate","Native selection or parent assembly","in-console-lighter-plate","Relationships/application only. Exact tooling, production quantity and hidden internal completeness are not certified."
"293","294","34","Lighter insert","Native selection or parent assembly","in-console-lighter","Relationships/application only. Exact tooling, production quantity and hidden internal completeness are not certified."
"293","294","35","Lighter housing/retainers","Native selection or parent assembly","in-console-lighter-socket | in-console-lighter-retainer","Relationships/application only. Exact tooling, production quantity and hidden internal completeness are not certified."
"293","294","36","Lighter bulb","Native selection or parent assembly","in-console-lighter-lamp","Relationships/application only. Exact tooling, production quantity and hidden internal completeness are not certified."
"293","294","37","ECM harness","Open — not separately resolved","","Relationships/application only. Exact tooling, production quantity and hidden internal completeness are not certified."
"293","294","38","Console carpet retainer","Native selection or parent assembly","in-console-carpet-retainers","Relationships/application only. Exact tooling, production quantity and hidden internal completeness are not certified."
"293","294","39","Trim clip","Open — not separately resolved","","Relationships/application only. Exact tooling, production quantity and hidden internal completeness are not certified."
"293","294","40","Console retainer","Open — not separately resolved","","Relationships/application only. Exact tooling, production quantity and hidden internal completeness are not certified."
"293","294","41","Console carpet support","Native selection or parent assembly","in-console-left-carpet-support | in-console-right-carpet-support","Relationships/application only. Exact tooling, production quantity and hidden internal completeness are not certified."
"293","294","42","Centre outlet","Native selection or parent assembly","in-shared-center-outlet","Relationships/application only. Exact tooling, production quantity and hidden internal completeness are not certified."
"293","294","43","Radio-opening cover","Open — not separately resolved","","Relationships/application only. Exact tooling, production quantity and hidden internal completeness are not certified."
"293","294","44","Left window switch","Existing/shared or excluded application","in-console-window-left","Relationships/application only. Exact tooling, production quantity and hidden internal completeness are not certified."
"293","294","45","Right window switch","Existing/shared or excluded application","in-console-window-right","Relationships/application only. Exact tooling, production quantity and hidden internal completeness are not certified."
"293","294","46","Grommet","Open — not separately resolved","","Relationships/application only. Exact tooling, production quantity and hidden internal completeness are not certified."
"346","347","1","Roof-rail weatherstrip retainer","Existing/shared or excluded application","Existing Body roof-rail retainer","Relationships/application only. Exact tooling, production quantity and hidden internal completeness are not certified."
"346","347","2","Lock-pillar weatherstrip retainer","Existing/shared or excluded application","Existing Body lock-pillar retainer","Relationships/application only. Exact tooling, production quantity and hidden internal completeness are not certified."
"346","347","3","Upper hinge-pillar weatherstrip retainer","Existing/shared or excluded application","Existing Body forward-opening retainer","Relationships/application only. Exact tooling, production quantity and hidden internal completeness are not certified."
"346","347","4","Double-pole jamb switch","Open — not separately resolved","","Relationships/application only. Exact tooling, production quantity and hidden internal completeness are not certified."
"346","347","5","Electrical-conduit opening plug","Open — not separately resolved","","Relationships/application only. Exact tooling, production quantity and hidden internal completeness are not certified."
"346","347","6","Door-opening weatherstrip","Existing/shared or excluded application","Existing Body door-opening weatherstrip","Relationships/application only. Exact tooling, production quantity and hidden internal completeness are not certified."
"346","347","7","Door/belt/parking-warning harness","Native selection or parent assembly","in-belt-left-warning-wire | in-belt-right-warning-wire","Relationships/application only. Exact tooling, production quantity and hidden internal completeness are not certified."
"346","347","8","Sunshade support","Native selection or parent assembly","in-trim-left-visor-pivot | in-trim-left-visor-clip | in-trim-right-visor-pivot | in-trim-right-visor-clip","Relationships/application only. Exact tooling, production quantity and hidden internal completeness are not certified."
"346","347","9","Sunshade","Native selection or parent assembly","in-trim-left-visor | in-trim-right-visor | in-trim-left-visor-screw-0 | in-trim-left-visor-screw-1 | in-trim-left-visor-screw-2 | in-trim-right-visor-screw-0 | in-trim-right-visor-screw-1 | in-trim-right-visor-screw-2","Relationships/application only. Exact tooling, production quantity and hidden internal completeness are not certified."
"346","347","10","Body pressure-relief valve","Open — not separately resolved","","Relationships/application only. Exact tooling, production quantity and hidden internal completeness are not certified."
"346","347","11","Interior mirror","Native selection or parent assembly","in-trim-mirror | in-trim-mirror-stem | in-trim-mirror-button","Relationships/application only. Exact tooling, production quantity and hidden internal completeness are not certified."
"346","347","12","Vanity mirror","Native selection or parent assembly","in-trim-vanity","Relationships/application only. Exact tooling, production quantity and hidden internal completeness are not certified."
"346","347","13","Pillar-molding clip","Open — not separately resolved","","Relationships/application only. Exact tooling, production quantity and hidden internal completeness are not certified."
"346","347","14","Lower windshield-side molding","Native selection or parent assembly","in-trim-left-lower-garnish | in-trim-right-lower-garnish","Relationships/application only. Exact tooling, production quantity and hidden internal completeness are not certified."
"346","347","15","Upper windshield-side molding","Native selection or parent assembly","in-trim-left-a-pillar | in-trim-right-a-pillar","Relationships/application only. Exact tooling, production quantity and hidden internal completeness are not certified."
"346","347","16","Inside-handle clip cover","Open — not separately resolved","","Relationships/application only. Exact tooling, production quantity and hidden internal completeness are not certified."
"346","347","17","Quarter trim panel","Native selection or parent assembly","in-trim-left-b-pillar | in-trim-right-b-pillar","Relationships/application only. Exact tooling, production quantity and hidden internal completeness are not certified."
"346","347","18","Quarter-panel retainer","Open — not separately resolved","","Relationships/application only. Exact tooling, production quantity and hidden internal completeness are not certified."
"346","347","19","Door-ajar harness","Open — not separately resolved","","Relationships/application only. Exact tooling, production quantity and hidden internal completeness are not certified."
"346","347","20","Door-ajar switch","Open — not separately resolved","","Relationships/application only. Exact tooling, production quantity and hidden internal completeness are not certified."
"346","347","21","Manual-lock handle cup","Native selection or parent assembly","in-door-left-handle-cup | in-door-left-lock-slider | in-door-right-handle-cup | in-door-right-lock-slider","Relationships/application only. Exact tooling, production quantity and hidden internal completeness are not certified."
"346","347","22","Power-lock handle/switch cup","Open — not separately resolved","","Relationships/application only. Exact tooling, production quantity and hidden internal completeness are not certified."
"346","347","23","Inside handle","Native selection or parent assembly","in-door-left-handle | in-door-right-handle","Relationships/application only. Exact tooling, production quantity and hidden internal completeness are not certified."
"346","347","24","Handle escutcheon","Existing/shared or excluded application","Handle escutcheon walls grouped in in-door-*-handle-cup","Relationships/application only. Exact tooling, production quantity and hidden internal completeness are not certified."
"346","347","25","Armrest","Native selection or parent assembly","in-door-left-armrest | in-door-right-armrest","Relationships/application only. Exact tooling, production quantity and hidden internal completeness are not certified."
"346","347","26","Power-lock switch","Open — not separately resolved","","Relationships/application only. Exact tooling, production quantity and hidden internal completeness are not certified."
"346","347","27","Window-crank retaining spring","Native selection or parent assembly","in-door-left-crank-clip | in-door-right-crank-clip","Relationships/application only. Exact tooling, production quantity and hidden internal completeness are not certified."
"346","347","28","Window crank","Native selection or parent assembly","in-door-left-crank | in-door-right-crank","Relationships/application only. Exact tooling, production quantity and hidden internal completeness are not certified."
"346","347","29","Crank knob","Existing/shared or excluded application","Included in in-door-*-crank","Relationships/application only. Exact tooling, production quantity and hidden internal completeness are not certified."
"346","347","30","Map-pocket clip","Native selection or parent assembly","in-door-left-pocket-clips | in-door-right-pocket-clips","Relationships/application only. Exact tooling, production quantity and hidden internal completeness are not certified."
"346","347","31","Map pocket","Native selection or parent assembly","in-door-left-pocket | in-door-right-pocket","Relationships/application only. Exact tooling, production quantity and hidden internal completeness are not certified."
"346","347","32","Crank bearing plate","Native selection or parent assembly","in-door-left-crank-bearing | in-door-right-crank-bearing","Relationships/application only. Exact tooling, production quantity and hidden internal completeness are not certified."
"346","347","33","Lower armrest hanger plate","Native selection or parent assembly","in-door-left-armrest-bracket | in-door-right-armrest-bracket","Relationships/application only. Exact tooling, production quantity and hidden internal completeness are not certified."
"346","347","34","Armrest plug","Native selection or parent assembly","in-door-left-armrest-plug | in-door-right-armrest-plug","Relationships/application only. Exact tooling, production quantity and hidden internal completeness are not certified."
"346","347","35","Armrest hanger nut","Native selection or parent assembly","in-door-left-armrest-nuts | in-door-right-armrest-nuts","Relationships/application only. Exact tooling, production quantity and hidden internal completeness are not certified."
"346","347","36","Upper armrest hanger plate","Native selection or parent assembly","in-door-left-upper-bracket | in-door-right-upper-bracket","Relationships/application only. Exact tooling, production quantity and hidden internal completeness are not certified."
"346","347","37","Door-trim panel","Native selection or parent assembly","in-door-left-panel | in-door-left-water-shield | in-door-left-retainers | in-door-right-panel | in-door-right-water-shield | in-door-right-retainers","Relationships/application only. Exact tooling, production quantity and hidden internal completeness are not certified."
"346","347","38","Power-option door harness","Open — not separately resolved","","Relationships/application only. Exact tooling, production quantity and hidden internal completeness are not certified."
"346","347","39","Lock-pillar belt weatherstrip","Open — not separately resolved","","Relationships/application only. Exact tooling, production quantity and hidden internal completeness are not certified."
"346","347","40","Hinge-pillar belt weatherstrip","Open — not separately resolved","","Relationships/application only. Exact tooling, production quantity and hidden internal completeness are not certified."
"350","351","1","Rear carpet panel","Native selection or parent assembly","in-trim-bulkhead","Relationships/application only. Exact tooling, production quantity and hidden internal completeness are not certified."
"350","351","2","1984 seat stereo internal harness","Existing/shared or excluded application","1984-only internal harness; excluded from 1985 claim","Relationships/application only. Exact tooling, production quantity and hidden internal completeness are not certified."
"350","351","3","Buckle belt","Native selection or parent assembly","in-belt-left-buckle | in-belt-left-button | in-belt-left-buckle-stalk | in-belt-right-buckle | in-belt-right-button | in-belt-right-buckle-stalk","Relationships/application only. Exact tooling, production quantity and hidden internal completeness are not certified."
"350","351","4","Seat hinge bushing","Native selection or parent assembly","in-seat-left-pivot-bushes | in-seat-right-pivot-bushes","Relationships/application only. Exact tooling, production quantity and hidden internal completeness are not certified."
"350","351","5","Cushion cover","Native selection or parent assembly","in-seat-left-cushion-cover | in-seat-right-cushion-cover","Relationships/application only. Exact tooling, production quantity and hidden internal completeness are not certified."
"350","351","6","1985 stereo front harness","Native selection or parent assembly","in-seat-left-stereo-harness | in-seat-right-stereo-harness","Relationships/application only. Exact tooling, production quantity and hidden internal completeness are not certified."
"350","351","7","Seat adjuster assist spring","Native selection or parent assembly","in-seat-left-adjust-spring | in-seat-right-adjust-spring","Relationships/application only. Exact tooling, production quantity and hidden internal completeness are not certified."
"350","351","8","Adjuster link wire","Native selection or parent assembly","in-seat-left-adjust-wire | in-seat-right-adjust-wire","Relationships/application only. Exact tooling, production quantity and hidden internal completeness are not certified."
"350","351","9","1984 passenger lock-bar spring","Existing/shared or excluded application","1984-only spring application; excluded from 1985 claim","Relationships/application only. Exact tooling, production quantity and hidden internal completeness are not certified."
"350","351","10","Driver outer adjuster","Native selection or parent assembly","in-seat-left-track-outer | in-seat-left-slider-outer","Relationships/application only. Exact tooling, production quantity and hidden internal completeness are not certified."
"350","351","11","Driver inner adjuster","Native selection or parent assembly","in-seat-left-track-inner | in-seat-left-slider-inner","Relationships/application only. Exact tooling, production quantity and hidden internal completeness are not certified."
"350","351","12","Floor carpet","Native selection or parent assembly","in-trim-left-carpet | in-trim-left-underlay | in-trim-right-carpet | in-trim-right-underlay | in-trim-left-mat | in-trim-right-mat","Relationships/application only. Exact tooling, production quantity and hidden internal completeness are not certified."
"350","351","13","Inside-handle cup plug","Open — not separately resolved","","Relationships/application only. Exact tooling, production quantity and hidden internal completeness are not certified."
"350","351","14","Carpet/rocker retainer","Native selection or parent assembly","in-trim-left-sill | in-trim-right-sill | in-trim-left-sill-screw-0 | in-trim-left-sill-screw-1 | in-trim-left-sill-screw-2 | in-trim-left-sill-screw-3 | in-trim-right-sill-screw-0 | in-trim-right-sill-screw-1 | in-trim-right-sill-screw-2 | in-trim-right-sill-screw-3","Relationships/application only. Exact tooling, production quantity and hidden internal completeness are not certified."
"350","351","15","Passenger inner adjuster","Native selection or parent assembly","in-seat-right-track-inner | in-seat-right-slider-inner","Relationships/application only. Exact tooling, production quantity and hidden internal completeness are not certified."
"350","351","16","Passenger outer adjuster","Native selection or parent assembly","in-seat-right-track-outer | in-seat-right-slider-outer","Relationships/application only. Exact tooling, production quantity and hidden internal completeness are not certified."
"350","351","17","Cushion frame","Native selection or parent assembly","in-seat-left-pan | in-seat-left-cushion-springs | in-seat-left-rail-bolt-0 | in-seat-left-rail-bolt-1 | in-seat-left-rail-bolt-2 | in-seat-left-rail-bolt-3 | in-seat-right-pan | in-seat-right-cushion-springs | in-seat-right-rail-bolt-0 | in-seat-right-rail-bolt-1 | in-seat-right-rail-bolt-2 | in-seat-right-rail-bolt-3","Relationships/application only. Exact tooling, production quantity and hidden internal completeness are not certified."
"350","351","18","Cushion foam","Native selection or parent assembly","in-seat-left-cushion-foam | in-seat-right-cushion-foam","Relationships/application only. Exact tooling, production quantity and hidden internal completeness are not certified."
"350","351","19","Recliner control","Native selection or parent assembly","in-seat-left-recliner | in-seat-left-pivot-0 | in-seat-left-pivot-1 | in-seat-right-recliner | in-seat-right-pivot-0 | in-seat-right-pivot-1","Relationships/application only. Exact tooling, production quantity and hidden internal completeness are not certified."
"350","351","20","Lower recliner cover","Native selection or parent assembly","in-seat-left-recliner-cover | in-seat-left-cover-screw-0 | in-seat-left-cover-screw-1 | in-seat-right-recliner-cover | in-seat-right-cover-screw-0 | in-seat-right-cover-screw-1","Relationships/application only. Exact tooling, production quantity and hidden internal completeness are not certified."
"350","351","21","Recliner protector","Native selection or parent assembly","in-seat-left-hinge-protector | in-seat-right-hinge-protector","Relationships/application only. Exact tooling, production quantity and hidden internal completeness are not certified."
"350","351","22","Recliner knob","Native selection or parent assembly","in-seat-left-recliner-knob | in-seat-right-recliner-knob","Relationships/application only. Exact tooling, production quantity and hidden internal completeness are not certified."
"350","351","23","Retractor belt","Native selection or parent assembly","in-belt-left-retractor | in-belt-left-webbing | in-belt-left-guide | in-belt-left-latchplate | in-belt-left-retractor-cover | in-belt-right-retractor | in-belt-right-webbing | in-belt-right-guide | in-belt-right-latchplate | in-belt-right-retractor-cover","Relationships/application only. Exact tooling, production quantity and hidden internal completeness are not certified."
"350","351","24","Headrest speaker","Native selection or parent assembly","in-seat-left-speaker-inner-basket | in-seat-left-speaker-inner-cone | in-seat-left-speaker-inner-magnet | in-seat-left-speaker-inner-leads | in-seat-left-speaker-outer-basket | in-seat-left-speaker-outer-cone | in-seat-left-speaker-outer-magnet | in-seat-left-speaker-outer-leads | in-seat-right-speaker-inner-basket | in-seat-right-speaker-inner-cone | in-seat-right-speaker-inner-magnet | in-seat-right-speaker-inner-leads | in-seat-right-speaker-outer-basket | in-seat-right-speaker-outer-cone | in-seat-right-speaker-outer-magnet | in-seat-right-speaker-outer-leads","Relationships/application only. Exact tooling, production quantity and hidden internal completeness are not certified."
"350","351","25","Back pad/panel","Native selection or parent assembly","in-seat-left-back-frame | in-seat-left-back-springs | in-seat-left-back-foam | in-seat-right-back-frame | in-seat-right-back-springs | in-seat-right-back-foam","Relationships/application only. Exact tooling, production quantity and hidden internal completeness are not certified."
"350","351","26","Back cover","Native selection or parent assembly","in-seat-left-back-cover | in-seat-left-rear-cover | in-seat-left-listing | in-seat-left-hog-rings | in-seat-right-back-cover | in-seat-right-rear-cover | in-seat-right-listing | in-seat-right-hog-rings","Relationships/application only. Exact tooling, production quantity and hidden internal completeness are not certified."
"350","351","27","Upper belt-guide cover","Native selection or parent assembly","in-belt-left-guide-cover | in-belt-right-guide-cover","Relationships/application only. Exact tooling, production quantity and hidden internal completeness are not certified."
